id,name,ingredients,skin_types,description,price,rating,brand,url,image_url
1,Gentle Cleanser,"water, glycerin, cocamidopropyl betaine, fragrance",normal,daily gentle face cleanser,9.99,4.2,PureGlow,https://example.com/pureglow-gentle-cleanser,https://via.placeholder.com/120x120.png?text=Gentle+Cleanser
2,Oil Control Gel,"water, alcohol, salicylic acid, dimethicone",oily,helps control sebum and reduce shine,12.5,4.1,Mattify,https://example.com/mattify-oil-control-gel,https://via.placeholder.com/120x120.png?text=Oil+Control+Gel
3,Hydrating Serum,"water, hyaluronic acid, glycerin, fragrance",dry,deep hydration serum,18.0,4.5,HydraLux,https://example.com/hydralux-hydrating-serum,https://via.placeholder.com/120x120.png?text=Hydrating+Serum
4,Sensitive Soothing Cream,"water, ceramide, niacinamide, lanolin",dry,soothes sensitive and dry skin,15.0,4.0,SootheCare,https://example.com/soothecare-sensitive-soothing-cream,https://via.placeholder.com/120x120.png?text=Soothing+Cream
5,Balancing Moisturizer,"water, glycerin, niacinamide, fragrance",combination,lightweight moisturizer for mixed skin,14.0,3.9,BalanceSkin,https://example.com/balanceskin-balancing-moisturizer,https://via.placeholder.com/120x120.png?text=Balancing+Moisturizer
6,Brightening Vitamin C,"ascorbic acid, water, alcohol, fragrance",normal,vitamin C brightening treatment,22.0,4.3,RadiantLabs,https://example.com/radiantlabs-brightening-vitamin-c,https://via.placeholder.com/120x120.png?text=Vitamin+C
7,SPF Daily Mineral,"zinc oxide, titanium dioxide, water, glycerin",normal,lightweight mineral sunscreen SPF50,19.99,4.4,SunShield,https://example.com/sunshield-spf-daily-mineral,https://via.placeholder.com/120x120.png?text=SPF+Daily+Mineral
8,Deep Pore Mask,"kaolin, charcoal, glycerin, water",oily,clarifying clay mask to remove impurities,13.5,4.0,ClayPure,https://example.com/claypure-deep-pore-mask,https://via.placeholder.com/120x120.png?text=Deep+Pore+Mask
9,Overnight Repair Oil,"squalane, rosehip oil, vitamin E",dry,overnight repairing facial oil,21.0,4.6,NightBloom,https://example.com/nightbloom-overnight-repair-oil,https://via.placeholder.com/120x120.png?text=Overnight+Repair+Oil
10,Pore Minimizer Serum,"niacinamide, zinc PCA, water",oily,serum to reduce pore appearance and control oil,17.5,4.1,RefineLab,https://example.com/refinelab-pore-minimizer-serum,https://via.placeholder.com/120x120.png?text=Pore+Minimizer+Serum
11,Hydro Boost Gel Cream,"water, hyaluronic acid, glycerin",dry,gel-cream moisturizer for immediate hydration,16.0,4.2,MoistureWave,https://example.com/moisturewave-hydro-boost-gel-cream,https://via.placeholder.com/120x120.png?text=Hydro+Boost+Gel+Cream
12,Calming Mist,"water, aloe vera, glycerin, chamomile extract",sensitive,refreshing facial mist to calm redness,8.5,4.0,CalmMist,https://example.com/calmmist-calming-mist,https://via.placeholder.com/120x120.png?text=Calming+Mist
13,CeraVe Hydrating Cleanser,"water, glycerin, ceramides, hyaluronic acid",normal,gentle cleanser for normal-to-dry skin,10.99,4.5,CeraVe,https://www.cerave.com,https://via.placeholder.com/120x120.png?text=CeraVe
14,La Roche-Posay Effaclar Gel,"water, sodium lauryl sulfate, zinc PCA",oily,foaming cleanser for oily/acne-prone skin,14.99,4.4,LaRoche-Posay,https://www.laroche-posay.us,https://via.placeholder.com/120x120.png?text=La+Roche-Posay
15,The Ordinary Hyaluronic Acid 2% + B5,"hyaluronic acid, panthenol, water",dry,hydrating serum with hyaluronic acid,6.80,4.3,TheOrdinary,https://theordinary.com,https://via.placeholder.com/120x120.png?text=The+Ordinary
16,Neutrogena Hydro Boost Water Gel,"water, hyaluronic acid, glycerin",normal,lightweight gel moisturizer,18.99,4.4,Neutrogena,https://www.neutrogena.com,https://via.placeholder.com/120x120.png?text=Neutrogena
17,Olay Regenerist Micro-Sculpting Cream,"water, niacinamide, glycerin, peptides",normal,anti-aging moisturizer,24.99,4.2,Olay,https://www.olay.com,https://via.placeholder.com/120x120.png?text=Olay
18,Cetaphil Gentle Skin Cleanser,"water, cetyl alcohol, propylene glycol",sensitive,mild non-irritating cleanser,9.50,4.6,Cetaphil,https://www.cetaphil.com,https://via.placeholder.com/120x120.png?text=Cetaphil
19,Paula's Choice 2% BHA Liquid Exfoliant,"salicylic acid, water, glycerin",oily,leave-on exfoliant for unclogging pores,29.00,4.7,PaulasChoice,https://www.paulaschoice.com,https://via.placeholder.com/120x120.png?text=Paulas+Choice
20,Kiehl's Midnight Recovery Concentrate,"squalane, lavender oil, evening primrose oil",dry,overnight facial oil to replenish skin,45.00,4.5,Kiehls,https://www.kiehls.com,https://via.placeholder.com/120x120.png?text=Kiehls
21,Bioderma Sensibio H2O,"water, glycerin, poloxamer",sensitive,micellar water for makeup removal,11.99,4.3,Bioderma,https://www.bioderma.com,https://via.placeholder.com/120x120.png?text=Bioderma
22,Aveeno Positively Radiant SPF Moisturizer,"water, soy extract, SPF30 actives",normal,daily SPF moisturizer for radiance,16.99,4.1,Aveeno,https://www.aveeno.com,https://via.placeholder.com/120x120.png?text=Aveeno
